Pág.;Mês;Ano;REMUNERAÇÃOMES;VA Funcionario;DIAS/HORASTRAB;Seguro Vida Fun;Reembolso VR;Vale Ref Func;Hr Adic Pericul;INSS Normal;IRF Normal;Vale Transp Fun;Adt Norm Desc;DSR Adicional;Hr Ext Diu 60%;Hr Ext Diu 80%;Vale Gas;Smart 500 QC;Hrs Atrasos;DSR;Part Lucr Resul;IRF Part Result;Dif. Sal Diss;PLR Pago;Reemb Desc Inde;Dif Diss VR;41613º Sal. Adto;13º Adt Pago;13º. Adto Desc;Hr Adic Noturno;INSS 13o. Sal;Hr Ext Not 80%;IRF 13o. Sal;Hr Supl Ext Not;37313º Norm Recal;37613º Adic Recal;13º. Pg Dezembr;37113º Normal;37413º Adicionais;13º Adic Desc;Reemb. Despesas;Multas;Reemb. Ass. Méd;Ferias Recebida;IRF Recol Fer;Fer Normais;Médias Férias;Fer 1/3;Dif.Diss.Ferias;Dif Diss HE/DSR;Dif. Diss. Peri;42013º Adic Adto;Hr Ext Not 60%;Hr Ext Diu 100%
1;04;2017;969,73;30,67;146,67;2,40;360,00;36,00;290,92;100,85;0,00;58,18;;;;;;;;;;;;;;;;;;;;;;;;;;;;;;;;;;;;;;;;;;
1;05;2017;1.454,59;46,00;220,00;2,40;;66,00;436,38;185,83;0,00;87,28;756,39;28,03;116,66;29,13;4,25;;;;;;;;;;;;;;;;;;;;;;;;;;;;;;;;;;;;;
1;06;2017;1.454,59;46,00;220,00;2,40;;60,00;436,38;190,52;0,00;87,28;756,39;45,20;156,31;24,49;4,25;215,10;;;;;;;;;;;;;;;;;;;;;;;;;;;;;;;;;;;;
1;07;2017;1.454,59;46,00;220,00;2,40;;63,00;436,38;184,71;0,00;87,28;756,39;28,85;125,60;12,89;4,25;215,13;5,87;;;;;;;;;;;;;;;;;;;;;;;;;;;;;;;;;;;
1;08;2017;1.521,60;46,00;220,00;2,51;;75,00;456,48;174,05;0,00;91,30;756,39;0,88;5,75;;4,25;215,13;;50,72;;;;;;;;;;;;;;;;;;;;;;;;;;;;;;;;;;
1;09;2017;1.521,60;46,00;220,00;2,51;;66,00;456,48;178,33;0,00;91,30;791,23;0,57;2,88;;4,25;208,47;;;;;;;;;;;;;;;;;;;;;;;;;;;;;;;;;;;;
2;10;2017;;;;;;;;;;;;;;;;;;;2.819,91;0,00;;;;;;;;;;;;;;;;;;;;;;;;;;;;;;;;
2;10;2017;1.567,25;50,14;220,00;2,58;;63,00;470,18;190,14;0,00;94,04;791,23;3,45;13,82;;4,25;208,47;1,39;;2.819,91;;59,45;2.819,91;50,72;;;;;;;;;;;;;;;;;;;;;;;;;;;;;
2;11;2017;1.567,25;48,07;220,00;2,58;33,00;72,60;470,18;243,56;13,46;94,04;814,97;133,77;446,75;88,35;4,32;208,47;;;;;;;;57,00;764,00;764,00;;;;;;;;;;;;;;;;;;;;;;;;;;
2;12;2017;1.567,25;48,07;220,00;2,58;66,00;66,00;470,18;240,90;11,44;94,04;814,97;127,85;296,34;173,38;4,32;208,47;;;;;;;;;;;764,00;6,21;155,60;31,96;0,00;3,51;1.528,07;200,83;749,19;;;;;;;;;;;;;;;;;
2;12;2017;;;;;;;;;;;;;;;;;;;;;;;;;;;764,00;;149,65;;0,00;;;;;1.528,07;134,77;261,00;;;;;;;;;;;;;;
2;01;2018;1.567,25;96,14;220,00;2,58;;72,60;470,18;187,07;;;814,97;6,86;34,32;;;;;;;;;;;;;;;;;;;;;;;;;;;;;;;;;;;;;;;
3;02;2018;;;;;;;;;;;;;;;;;;;458,42;0,00;;;;;;;;;;;;;;;;;;;;;;;;;;;;;;;;
3;02;2018;1.567,25;48,07;220,00;2,58;;66,00;470,18;193,52;0,00;94,04;814,97;18,81;94,09;;4,32;208,47;;;458,42;;;458,42;;;;;;;;;;;;;;;;;;;;;;;;;;;;;;
3;03;2018;1.567,25;48,07;220,00;2,58;33,00;69,30;470,18;216,38;0,00;94,04;814,97;61,15;150,15;155,60;4,32;208,47;;;;;;;;;;;;;;;;;;;;;;;;;;;;;;;;;;;;
3;04;2018;1.567,25;48,07;220,00;2,58;33,00;69,30;470,18;212,46;0,00;94,04;814,97;64,66;124,47;134,19;4,32;233,49;;;;;;;;;;;;;;;;;;;;;;;;;;;;;;;;;;;;
3;05;2018;1.567,25;48,07;220,00;2,58;99,00;69,30;470,18;233,79;0,00;94,03;814,97;112,06;199,06;249,21;4,32;155,66;;;;;;;;;;;;;;;;;;;;;;;;;;;;;;;;;;;;
3;06;2018;1.567,25;48,07;220,00;2,58;;66,00;470,18;249,65;18,08;94,04;814,97;122,74;328,94;284,79;4,32;155,66;;;;;;;;;;;;;;;;;;;;;;;20,00;104,13;77,83;;;;;;;;;;;
3;07;2018;1.567,25;48,07;;;;;;;;;;;;;;;;;;;;;;;;;;;;;;;;;;;;;;;;;;;;;;;;;;
4;08;2018;1.567,25;48,07;220,00;1,76;297,00;75,90;470,18;236,77;0,00;94,04;814,97;79,09;224,50;289,77;4,32;155,66;;;;;;;;;;;;;;;;;;;;;;;;104,13;;;;;;;;;;;;
4;09;2018;104,49;48,07;14,67;1,76;;;31,35;349,01;;;;36,82;86,43;60,85;4,32;155,66;;;;;;;;;1.018,72;;;;;;;;;;;;;;;;;3.525,03;32,79;1.901,60;238,08;713,23;;;;;;
4;10;2018;;;;;;;;;;;;;;;;;;;3.878,54;0,00;;;;;;;;;;;;;;;;;;;;;;;;;;;;;;;;
4;10;2018;1.516,01;48,07;205,33;1,82;33,00;66,00;454,80;228,93;0,00;90,96;762,39;43,72;91,64;126,98;4,48;155,66;;;3.878,54;;3,80;3.878,54;;;;;;;;;;;;;;;;;;;;181,36;;135,83;17,01;50,94;95,17;6,70;1,14;;;
4;11;2018;1.624,30;53,86;220,00;1,82;;72,30;487,29;229,13;0,00;97,46;844,64;86,87;170,99;176,50;4,48;155,66;;;;;;;;;37,00;298,00;;;;;;;;;;;;;30,00;;;;;;;;;;;261,00;;
4;12;2018;1.624,30;100,00;220,00;;;;;;;;844,64;94,39;;;;;1,60;;;;;;;;;;;;;;;;;;;;;;;;;;;;;;;;;;;
5;12;2018;;;;;;;;;;;;;;;;;;;;;;;;;;;764,00;;149,65;;0,00;;;;;1.528,07;134,77;261,00;;;;;;;;;;;;;;
5;01;2019;1.624,30;50,00;220,00;1,82;;86,25;487,29;208,12;0,00;97,46;844,64;33,49;99,56;64,51;4,48;155,66;;;;;;;;;;;;0,56;;;;0,28;;;;;;;;;;;;;;;;;;;2,56;
5;02;2019;;;;;;;;;;;;;;;;;;;633,48;0,00;;;;;;;;;;;;;;;;;;;;;;;;;;;;;;;;
5;02;2019;1.624,30;50,00;220,00;1,82;;65,55;487,29;216,59;0,00;97,46;844,64;49,17;120,31;125,55;4,48;155,66;;;633,48;;;633,48;;;;;;;;;;;;;;;;;;;;;;;;;;;;;;
5;03;2019;1.624,30;50,00;220,00;1,82;;79,35;487,29;221,46;0,00;97,46;844,64;58,18;114,66;121,23;4,48;155,66;;;;;;;;;;;;;;;;;;;;;;;;;;;;;;;;;;;;55,04
